scheme,category,scope,content_type,fetched_at,chars,chunks,text_hash,url
"HDFC Large Cap Fund","Large Cap",scheme,html,2026-10-01,5614,11,e458a4866fcde49b,https://groww.in/mutual-funds/hdfc-large-cap-fund-direct-growth
"HDFC Equity Fund","Flexi Cap",scheme,html,2026-10-01,7997,16,d38afec2073a6c71,https://groww.in/mutual-funds/hdfc-equity-fund-direct-growth
"HDFC ELSS Tax Saver Fund","ELSS",scheme,html,2026-10-01,6072,12,e56ea3378ab9a03d,https://groww.in/mutual-funds/hdfc-elss-tax-saver-fund-direct-plan-growth
"HDFC Small Cap Fund","Small Cap",scheme,html,2026-10-01,7896,16,846f0d615ad0f6a0,https://groww.in/mutual-funds/hdfc-small-cap-fund-direct-growth
"HDFC Balanced Advantage Fund","Balanced Advantage",scheme,html,2026-10-01,28956,53,955a280a1eb88034,https://groww.in/mutual-funds/hdfc-balanced-advantage-fund-direct-growth
"HDFC Mid-Cap Opportunities Fund","Mid Cap",scheme,html,2026-10-01,7542,14,b718086bafd9021b,https://groww.in/mutual-funds/hdfc-mid-cap-opportunities-fund-direct-growth
"HDFC Value Fund","Value",scheme,html,2026-10-01,7059,14,bac02fa6576fee57,https://groww.in/mutual-funds/hdfc-value-fund-direct-plan-growth
"HDFC Liquid Fund","Liquid",scheme,html,2026-10-01,16532,32,eb5820d8a34b7b55,https://groww.in/mutual-funds/hdfc-liquid-fund-direct-growth
"HDFC Ultra Short Term Fund","Ultra Short Duration",scheme,html,2026-10-01,14280,27,f0151dd55191b938,https://groww.in/mutual-funds/hdfc-ultra-short-term-fund-direct-growth
"HDFC Banking and PSU Debt Fund","Banking and PSU Debt",scheme,html,2026-10-01,12618,25,9392d04e4275ef2f,https://groww.in/mutual-funds/hdfc-banking-and-psu-debt-fund-direct-growth
"HDFC Credit Risk Fund","Credit Risk",scheme,html,2026-10-01,12875,25,353d0037392dc9d0,https://groww.in/mutual-funds/hdfc-credit-risk-fund-direct-growth
"HDFC Medium Term Fund","Medium Term",scheme,html,2026-10-01,8643,18,78849afce68ae699,https://groww.in/mutual-funds/hdfc-medium-term-fund-direct-growth
"HDFC Gilt Fund","Gilt",scheme,html,2026-10-01,6001,13,16f5937e47848dc8,https://groww.in/mutual-funds/hdfc-gilt-fund-direct-growth
"HDFC Nifty Midcap 150 Index Fund","Index",scheme,html,2026-10-01,11655,23,cf6815dc1bb72822,https://groww.in/mutual-funds/hdfc-nifty-midcap-150-index-fund-direct-growth
"HDFC Nifty 100 Index Fund","Index",scheme,html,2026-10-01,8641,17,cb489576cc95c2f4,https://groww.in/mutual-funds/hdfc-nifty-100-index-fund-direct-growth
"AMFI Investor Awareness Programme","Regulator (AMFI)",general,pdf,2026-10-01,27190,55,25dcddb3a8ec4755,https://www.amfiindia.com/Themes/Theme1/downloads/InvestorsAwarenessProgrampresentation.pdf
"AMFI Account Statements and CAS","Regulator (AMFI)",general,html,2026-10-01,17314,36,d21867cd851c73cb,https://www.amfiindia.com/investor/become-mf-distributor?zoneName=InvestorService
